title,Price_Cleaned,Location_City,Location_City_Encoded,negotiable_encoded,Storage_GB_Corrected,RAM_GB_Corrected,Screen_Size_Inches,Back_Camera_MP_Filtered,Brand_Model,Brand_Model_Encoded
Sealed Pack iPhone 13 Pro Max 512 Gb USA Silver,105000,Kathmandu,11,0,512,8,6.4,73,iPhone 13 PRO MAX,202
iphone 15 Pro Max 256GB 98% battery Health,111999,Kathmandu,11,1,256,8,6.4,51,iPhone 15 PRO MAX,210
Iphone 15 Pro 256 GB US seal pack,142000,Kathmandu,11,0,256,8,6.3,48,iPhone 15 PRO,209
I Phone 17 Pro Max 256Gb I Phone 17 Pro Max 256Gb,214000,Kathmandu,11,0,256,12,6.9,48,iPhone 17 PRO MAX,218
Iphone 17pro max,205000,Kathmandu,11,1,256,12,6.7,48,iPhone 17PRO MAX,219
Iphone 11 128 Gb Black,21500,Siddharthanagar,15,0,128,8,6.4,91,iPhone 11,188
iphone 6 64,5500,Kathmandu,11,1,64,3,6,17,iPhone 6,222
I Phone 17 | I Phone 17 | I Phone 17 256gb | 17 17,139999,Kathmandu,11,0,256,8,6.3,78,iPhone 17,216
S25 ultra|| S25 ultra|| S25 Ultra||S25 Ultra||s25|,134999,Kathmandu,11,0,256,12,6.9,48,Galaxy S25 ULTRA,52
I Phone 16 | I Phone 16 | I Phone 16 | I Phone 16,104999,Kathmandu,11,0,128,8,6.1,48,iPhone 16,211
"Samsung Galaxy A-7 , Gold color ,64+4 GB memory",6200,Bhaktapur,0,1,64,4,6,27,Samsung,174
INFINIX smart 8 3GB RAM 64GB ROM FESTIVAL OFFER,10300,Lalitpur,12,0,64,3,6.5,13,Infinix Smart 8,69
Sale Sale Iphone 14,60000,Lalitpur,12,0,128,6,6.4,50,iPhone 14,203
Oneplus 8Pro 8/128GB (Display Line),19999,Kathmandu,11,1,128,8,6.4,86,OnePlus 8PR,101
Nothing Phone 2a 5G 8GB RAM 128GB (Other Brands),45000,Lalitpur,12,0,256,12,6.7,58,Nothing Phone 2A,90
Iphone 17 pro || 17 pro || 17 pro || Iphone 17 pro,202000,Kathmandu,11,0,256,12,6.3,48,iPhone 17 PRO,217
iPhone x 256GB,26500,Kathmandu,11,0,256,8,5.8,107,iPhone X,228
REALME NARZO N53 6GB RAM 128GB ROM BRAND NEW (Oppo - Realme),18000,Lalitpur,12,0,128,6,6.7,50,Realme Narzo N53,149
Poco F5 12/256 GB Brand new Seal pack Poco F5,42999,Kathmandu,11,0,256,12,6.7,104,Xiaomi,187
Samsung Galaxy A36 8/256 Brand New Emi Availabilit,52999,Kathmandu,11,0,256,8,6.7,48,Galaxy A36,17
I Phone 16 | I Phone 16 | I Phone 16 | I Phone 16,103999,Kathmandu,11,0,128,8,6.1,48,iPhone 16,211
Samsung A10s motherboard on sell,2200,Kathmandu,11,1,128,3,6.2,53,Galaxy A10,5
nokia 1100 model,6500,Kathmandu,11,0,8,1,4,2,Nokia 1100,84
IPhone 16 Like New,91000,Lalitpur,12,0,128,8,6.1,48,iPhone 16,211
Iphone 14 Pro Max (Apple iPhone),130000,Kathmandu,11,1,128,8,6.3,49,iPhone 14 PRO MAX,206
Iphone 14 pro with cover and box (Apple iPhone),200000,Kathmandu,11,1,512,12,6.8,110,iPhone 14 PRO,205
S25 Ultra>S25 Ultra>S25 Ultra>S25 Ultra>S25 Ultra,138999,Kathmandu,11,0,256,12,6.8,200,Galaxy S25 ULTRA,52
I Phone 17 Pro Max | I Phone 17 Pro Max 256gb,207999,Kathmandu,11,0,256,12,6.9,48,iPhone 17 PRO MAX,218
iPhone 14 128,65000,Kathmandu,11,0,128,6,6.2,24,iPhone 14,203
Vivo Y19s 6/128 Brand New 1year Warranty Offer,17799,Kathmandu,11,0,128,6,6.7,50,Vivo Y19,181
"POCO F6 5G SMARTPHONE, 8GB RAM AND 256 INTERNAL . (Other Brands)",39999,Birgunj,3,0,256,8,6.67,50,Xiaomi,187
Redmi A5 4gb/128gb With 2 Years Warranty,11999,Kathmandu,11,0,128,4,6.7,56,Xiaomi,187
Samsung A23 6gb Ram 128gb Rom Authorized Warranty (Samsung),26999,Kathmandu,11,0,128,6,6.6,50,Galaxy A23,12
13 Pro Max 512 Gb USA Sealed Pack,105000,Kathmandu,11,0,512,16,6.6,57,Other,122
Samsung A55 5g 8gb/256gb Water Proof Brand New (Samsung),60999,Kathmandu,11,0,256,8,6.6,50,Galaxy A55,20
HONOR X Series - X6a,15990,Kathmandu,11,0,128,4,6.5,50,Huawei,61
Second hand Iphone 13 512gb on sale,109999,Hetauda,7,1,512,12,6.1,143,iPhone 13,199
IPHONE 16 PLUS 128 GB,102999,Bhaktapur,0,0,128,8,6.7,39,iPhone 16 PLUS,212
one plus 8 pro 16 /256gb like new fresh on sell,37000,Kathmandu,11,1,256,16,6.7,88,OnePlus 8 PRO,100
Iphone 14 pro max 128 & 256 for sell,99000,Kathmandu,11,1,128,8,6.2,42,iPhone 14 PRO MAX,206
second hand phone-/oppo f23 ramroom-8/256,23500,Kathmandu,11,0,256,8,6.72,2,Oppo F23,115
Samsung A35 8/256 Brand New 1 Year Warranty,49899,Kathmandu,11,0,256,8,6.6,50,Galaxy A35,16
"Urgent Sell! iPhone 6s, 32 Gb For Sell, All Ok",6500,Kathmandu,11,1,32,3,6,16,iPhone 6,222
Samsung Galaxy S25 Ultra Samsung S25 Ultra 12/256G,134999,Kathmandu,11,0,256,12,6.8,200,Galaxy S25 ULTRA,52
Samsung s23fe,38500,Kathmandu,11,1,128,8,6.7,38,Galaxy S23,44
I Phone 17 Pro Max >17 Pro Max >17 Pro Max>Pro Max,220000,Kathmandu,11,0,256,8,6.9,48,iPhone 17 PRO MAX,218
Samsung S23 Ultra 12/256gb Fully Fresh Like New!!!,69500,Kathmandu,11,0,256,12,6.7,90,Galaxy S23 ULTRA,46
16 pro max Contact 9803085033,173000,Kathmandu,11,0,256,8,6,48,Other,122
Oneplus 8t 12/256gb,35500,Kathmandu,11,1,256,12,6.6,106,OnePlus 8T,102
256GB Ipad Mini (6th Generation Wi Fi + Cellular),132000,Kathmandu,11,0,256,12,8.3,12,Other,122
I Phone 17 | I Phone 17 | I Phone 17 | I Phone 17,138999,Kathmandu,11,0,256,8,6.3,48,iPhone 17,216
Realme Note 70(4/128GB),14499,Kathmandu,11,0,128,4,6.74,13,Realme,130
Galaxy s25 ultra,138000,Kathmandu,11,0,256,12,6.8,200,Galaxy S25 ULTRA,52
Redmi 10 2022 Smart Mobile Phone,23999,Lalitpur,12,0,128,6,6.6,50,Redmi 10,150
Samsung Galaxy Z Fold 6 12/256,78500,Kathmandu,11,1,256,12,6.5,103,Samsung,174
iPhone 11 128GB Black – Excellent Condition,30000,Kathmandu,11,1,128,6,7,30,iPhone 11,188
redmi,13999,Kathmandu,11,0,128,6,6.7,25,Xiaomi,187
I Phone 15 | I Phone 15 | I Phone 15 128gb | 15,89999,Kathmandu,11,0,128,6,6.1,48,iPhone 15,207
iPhone 14 128GB 100% Battery Health (Genuine),54999,Kathmandu,11,0,128,6,6.3,24,iPhone 14,203
12 Pro Max,64999,Bhaktapur,0,1,256,8,6.4,37,Other,122
Oppo A76 Ram 6+4 =128,17000,Kathmandu,11,1,128,6,6.1,13,Oppo A76,113
I Phone 17 Pro Max 256 Both E Sim 17promax256 256,199999,Kathmandu,11,1,256,12,6.7,64,iPhone 17 PRO MAX,218
Poco X6 Pro 8/256gb,32000,Kathmandu,11,0,256,8,6.6,93,Xiaomi,187
Iphone 12pro max with everything.,90000,Lalitpur,12,0,256,8,6.2,64,iPhone 12PRO MAX,198
OnePlus Nord 2T 5G 8/128,18500,Kathmandu,11,0,128,8,6.6,58,OnePlus NORD 2T,103
Iphone 11 128gb With Vat (Apple iPhone),68500,Kathmandu,11,0,128,6,6.2,23,iPhone 11,188
Oppo - Realme C35 (Oppo - Realme),14000,Kathmandu,11,1,128,4,6.9,50,Realme C35,141
I Phone 15 | I Phone 15 | I Phone 15 128gb | 15,89999,Kathmandu,11,0,128,6,6.1,48,iPhone 15,207
I Phone 17 Pro Max 17pro Max 256 Pro Max 256/512,218000,Kathmandu,11,1,256,12,6.8,48,iPhone 17 PRO MAX,218
Honor 400 Pro(12/512GB),86299,Kathmandu,11,0,512,12,6.7,200,Honor 400 PRO,55
I Phone 13 | I Phone 13 | I Phone 13| I Phone 13|,70999,Kathmandu,11,0,128,6,6.2,29,iPhone 13,199
Sunelan S7 Keypad Mobile Phone (Other Brands),1140,Lalitpur,12,0,64,6,6.6,8,Galaxy S7,54
Redmi Note 13 Pro Smart Phone (Mi (Xiaomi)),39999,Lalitpur,12,0,512,12,6.6,200,Redmi Note 13 Pro,165
Oneplus 10t Snapdragon 8+ Gen 1 Authorized Warrant (OnePlus),92999,Kathmandu,11,0,128,8,6.6,50,OnePlus 10T,93
Mobile Phone,8500,Kathmandu,11,0,64,4,6,23,Other,122
Dashain Google Pixel 8 Pro GC3VE 128GB New (Google),145999,Lalitpur,12,0,128,12,6.7,103,Pixel 8 PRO,128
Infinix Hot 11 Play,8999,Kathmandu,11,1,64,4,5.7,57,Infinix Hot 11,64
iPhone 14 (128GB),83699,Kathmandu,11,0,128,6,6.1,12,iPhone 14,203
☘️Samsung 25 ultra ( brand new),132000,Kathmandu,11,1,512,12,6.7,152,Samsung,174
Oneplus Nord CE 4 8gb128gb dark chrome (OnePlus),44500,Lalitpur,12,0,128,8,6.7,76,OnePlus NORD C,105
I Phone 17 Pro 256gb (Physical Sim) I Phone 17 Pro,202000,Kathmandu,11,0,256,12,6.3,48,iPhone 17 PRO,217
iPhone 11,36500,Kathmandu,11,1,256,8,6.6,51,iPhone 11,188
Oneplus X (OnePlus),12000,Bhaktapur,0,1,16,3,5,8,OnePlus,91
Oneplus 13r 16GB 512GB,83999,Lalitpur,12,0,512,16,6.6,75,OnePlus 13R,97
Redmi 6 iPhone ko jasto looks vayeko with IMEI box (Mi (Xiaomi)),9999,Hetauda,7,0,32,3,5.45,12,Redmi 6,157
I Phone 17 Pro Max | I Phone 17 Pro Max 256gb,204999,Kathmandu,11,0,256,12,6.9,48,iPhone 17 PRO MAX,218
iPhone 12 128gb Double Physical Sim,41500,Kathmandu,11,0,128,6,7.1,28,iPhone 12,193
iPhone 15 pro max high copy,15000,Kathmandu,11,0,256,8,6.4,106,iPhone 15 PRO MAX,210
Samsung S23+ Brand New Authorized Warranty Insuran (Samsung),131800,Kathmandu,11,0,256,8,6.5,108,Galaxy S23+,47
Vivo Y19s Pro(8/128GB),20299,Kathmandu,11,0,128,8,6.68,50,Vivo Y19,181
Oneplus 11 with 8/128gb mobile,31000,Lalitpur,12,0,128,8,6.6,64,OnePlus 11,94
Realme C53 with 108MP Dashain Offer 1 Year Warrant (Oppo - Realme),17499,Kathmandu,11,0,128,4,6.74,108,Realme C53,143
I Phone 17 Pro Max 256Gb|| I Phone 17 Pro Max 256|,201999,Kathmandu,11,0,256,12,6.9,48,iPhone 17 PRO MAX,218
VIVO V9,8500,Kathmandu,11,1,64,4,6.3,16,Vivo V9,180
iPhone 13,65500,Kathmandu,11,1,128,8,6.2,31,iPhone 13,199
POCO C31 3/32 GB (Micromax),15499,Kathmandu,11,0,128,6,6.7,13,Xiaomi,187
iphone 14 pro sale new condition sim not working,47000,Bhaktapur,0,0,128,8,6.7,39,iPhone 14 PRO,205
I Phone 16 | I Phone 16 | I Phone 16 128gb | 16 16,103499,Kathmandu,11,0,128,8,6.1,48,iPhone 16,211
Samsung a51 128gb on Sell,15000,Kathmandu,11,0,128,6,6.6,26,Galaxy A51,18
Samsung S21 ultra 12/512,40000,Kathmandu,11,0,512,12,6.8,147,Galaxy S21 ULTRA,40
One plus 12R | 12r | one plus,42000,Kathmandu,11,0,256,8,6.6,41,OnePlus 12R,96
Realme C51 (4+4/128)used phone 5000 mah battery,8000,Kathmandu,11,1,64,4,6.7,50,Realme C51,142
iPhone 7 (Gold)-128gb,18000,Kathmandu,11,1,128,2,5.7,12,iPhone 7,223
Vivo Y19s(4/128GB),15999,Kathmandu,11,0,128,4,6.68,50,Vivo Y19,181
Sasmung S22plus 8/256 Brand New Condition For Sale,40000,Kathmandu,11,0,256,8,6.7,39,Other,122
IPhone 13(128 Gb) (Bh-88%),50000,Kathmandu,11,0,128,4,8.6,79,iPhone 13,199
OPPO Reno 10 Pro 5G 256GB 8GB 80W (Oppo - Realme),60000,Lalitpur,12,1,256,8,6.7,108,Oppo RENO 10 PRO,117
Xiomi 13lite 8/256gb oder now Authrozid warranty (Mi (Xiaomi)),56499,Kathmandu,11,0,256,8,6.55,48,Mi 13L,75
I phone sx ekdam fresh,30000,Kathmandu,11,1,256,12,6.7,42,Apple,0
Iphone 11 Pro Max 256gb Non Repair,49999,Butwal,4,0,256,4,6.7,16,iPhone 11 PRO MAX,190
Poco X3 Pro (Mi (Xiaomi)),31000,Bhaktapur,0,1,256,8,6.7,50,Xiaomi,187
Redmi 10 2022 4GB/64GB Smartphone (Mi (Xiaomi)),20499,Lalitpur,12,0,64,6,6.5,50,Redmi 10,150
Redmi Note 11 Pro 5g Smart Mobile Phone,41499,Lalitpur,12,0,128,8,6.6,108,Redmi Note 11 Pro,160
iphone 17 pro max 256gb>>iphone 17 pro max 256gb>>,203999,Kathmandu,11,0,256,8,6.3,48,iPhone 17 PRO MAX,218
Redmi c3 64 gb,5000,Kathmandu,11,0,64,6,6.7,52,Xiaomi,187
I phone 13 pro max 256gb>13 pro max>13 pro max>13,109000,Kathmandu,11,0,256,8,6.3,76,iPhone 13 PRO MAX,202
IPhone XR 128 GB URGENT SALE,30000,Kathmandu,11,0,128,3,6.1,12,iPhone XR,229
Samsung A14 5g 6gb Ram 128gb ROM 1 Year Warranty (Samsung),26999,Kathmandu,11,0,128,6,6.6,34,Galaxy A14,8
16 Pro Max 16 Pro Max 16 Pro Max 16 Pro Max 256gb,185500,Kathmandu,11,1,256,12,6.8,73,Other,122
OnePlus Nord 3 (16GB+256GB) 5G - Smart Phone,57999,Kathmandu,11,0,128,16,6.74,16,OnePlus NORD 3,104
I Phone 17 256Gb>> I Phone 17 256Gb|| I Phone 17>>,138999,Kathmandu,11,0,256,8,6.3,48,iPhone 17,216
Iphone 14 pro max (FIX PRICE),105000,Kathmandu,11,0,256,8,6.3,48,iPhone 14 PRO MAX,206
Samsung galaxy Tab E,9999,Kathmandu,11,1,64,4,9.6,12,Samsung,174
Samsung galaxy s22 ultra,53999,Lalitpur,12,0,256,12,6.7,64,Galaxy S22 ULTRA,42
iPhone 5c Sky blue colour(iCloud Locked) (Apple iPhone),4000,Lalitpur,12,1,32,1,4,8,iPhone 5,221
17 Pro max,219999,Kathmandu,11,1,256,12,6.9,48,Other,122
Oppo A3x 4/128 Brand New 1 Year Warranty,17400,Kathmandu,11,0,128,4,6.6,13,Oppo A3,109
iphone 12 sealed (Apple iPhone),95000,Kathmandu,11,1,64,4,6.1,120,iPhone 12 SE,197
IPHONE 14 PLUS(128gb) Sell and exchange,65000,Kathmandu,11,1,128,8,6.2,32,iPhone 14 PLUS,204
I Phone 16 Plus -16 Plus I Phone 16 Plus -16 Plus,119999,Kathmandu,11,0,128,8,6.7,48,iPhone 16 PLUS,212
Iphone 12 pro 128 gb gold colour,60000,Kathmandu,11,1,128,8,6.3,37,iPhone 12 PRO,195
iPhone 14 Pro Max 512gb Available,82000,Kathmandu,11,1,512,12,6.7,200,iPhone 14 PRO MAX,206
iPhone 17 256gb ~~ 17 256gb ~~ iPhone 17 256gb New,139999,Kathmandu,11,0,256,8,6.3,78,iPhone 17,216
vivo y20,7500,Kathmandu,11,1,64,4,6.9,18,Vivo Y20,182
IQOO 13 16/512,75000,Kathmandu,11,0,512,16,6.2,50,Other,122
Iphone 8+ (Apple iPhone),24500,Lalitpur,12,1,64,2,5.5,12,iPhone 8,225
Redmi14c 6+6.128 new nai ho,11500,Lalitpur,12,1,128,6,6,50,Other,122
iPhone 13 Pro Max,72000,Kathmandu,11,1,256,8,6.5,42,iPhone 13 PRO MAX,202
Samsung A16 8/128,30999,Kathmandu,11,0,128,8,6.6,47,Galaxy A16,10
Redmi Note 14 Pro+ 5G(12/512GB),52800,Kathmandu,11,0,512,12,6.67,200,Redmi Note 14 Pro+,169
Redmi Note 11S Smart Mobile Phone,32999,Lalitpur,12,0,128,8,6.6,108,Redmi Note 11S,161
Xiaomi 14 civi 512gb brand new seal packed set!!!!,50500,Kathmandu,11,1,512,12,6.8,184,Mi 14,76
I Phone 17 256gb | I Phone 17 | I Phone 17 | 17 17,139999,Kathmandu,11,0,256,8,6.3,78,iPhone 17,216
I Phone 16 Plus -16 Plus I Phone 16 Plus -16 Plus,123000,Kathmandu,11,0,128,8,6.5,48,iPhone 16 PLUS,212
1TB Samsung z fold 6 12/1tb fully fresh like new!!,115500,Kathmandu,11,1,1024,12,6.7,171,Samsung,174
14 pro max (cod ),80000,Kathmandu,11,0,512,16,6.1,58,Other,122
Iphone 11 128gb || Non Repair set || 72%,24999,Kathmandu,11,1,128,6,7,29,iPhone 11,188
second hand phone-oppo a59-r/amroom-4/128,16500,Kathmandu,11,0,128,4,6.56,2,Oppo A59,111
iPhone 13 Pro Max,75000,Birgunj,3,0,256,6,6.6,38,iPhone 13 PRO MAX,202
oneplus NORD CE 3 lite 16gb 256gb (OnePlus),34000,Lalitpur,12,0,256,16,6.6,46,OnePlus NORD C,105
MI Redmi 4A brand new condition fresh like new (Mi (Xiaomi)),7000,Kathmandu,11,0,16,2,5,13,Redmi 4A,156
OnePlus Nord ce2 lite,11500,Lalitpur,12,0,128,6,6.6,53,OnePlus NORD C,105
Iphone 7 plus on sale,12000,Lalitpur,12,1,128,3,5.3,15,iPhone 7 PLUS,224
second hand phone-/oppo A54 /ramroom-4/64,12500,Kathmandu,11,0,64,4,6.51,3,Oppo A54,110
Samsung Galaxy Grand 2 Phone,3500,Kathmandu,11,1,8,8,6.6,54,Samsung,174
Xiaomi 13 Lite 8/256 GB (Micromax),58999,Kathmandu,11,0,256,8,6.6,50,Mi 13 Lite,73
I Phone 17 Pro Max 256 Both E Sim 256/512,222000,Kathmandu,11,1,256,12,6.8,48,iPhone 17 PRO MAX,218
Brand New Condition I Phone 6s (64GB),25000,Lalitpur,12,1,64,2,5.3,13,iPhone 6,222
Iphone 15 128Gb>>iphone 15 128Gb>>iphone 15 128Gb>,92999,Kathmandu,11,0,128,6,6.9,48,iPhone 15,207
Samsung A23 4gb Ram 64gb Rom Authorized Warranty (Samsung),23299,Kathmandu,11,0,64,4,6.6,50,Galaxy A23,12
Xiaomi 15 Ultra 16/512 Brand New Authorized Set,144999,Kathmandu,11,0,512,16,6.7,57,Mi 15 Ultra,77
vivo y19s,18499,Kathmandu,11,1,128,6,7,29,Vivo Y19,181
iPhone 12 Pro 128GB,39000,Lalitpur,12,0,128,8,6.3,64,iPhone 12 PRO,195
Samsung Galaxy S23 Brand New Warranty Insurance (Samsung),124999,Kathmandu,11,0,256,8,6.6,106,Galaxy S23,44
samsung m31 on sale (Samsung),13500,Lalitpur,12,1,64,6,6.7,64,Galaxy M31,29
I phone 16 plus>16 plus>I phone 16 plus>16 plus>16,104000,Kathmandu,11,0,128,8,6.1,48,iPhone 16 PLUS,212
I Phone 17 256Gb>>I Phone 17 256Gb>>I Phone 17 256,139999,Kathmandu,11,0,256,8,6.3,48,iPhone 17,216
"Second hand iphone 11,Battery Health 86% (Apple iPhone)",44999,Kathmandu,11,0,128,6,6.5,29,iPhone 11,188
Redmi note14c camera doesn’t work and some scratch,9000,Pokhara,14,0,128,8,6.4,50,Xiaomi,187
Samsung Galaxy A36 8/128 Brand New Emi Available,46990,Kathmandu,11,0,128,8,6.7,50,Galaxy A36,17
Iphone 15 Plus 128GB (Apple iPhone),145000,Kathmandu,11,0,128,6,6.7,48,iPhone 15 PLUS,208
SAMSUNG A24 8+128GB @ rs.12800 downpayment (Samsung),12800,Lalitpur,12,0,128,6,6.5,33,Galaxy A24,13
SAMSUNG M14 6+128GB BRAND NEW सरल किस्ताबन्दीमा (Samsung),20500,Lalitpur,12,0,128,6,6.7,29,Galaxy M14,27
redmi note 13 pro plus 8/256 black,32000,Kathmandu,11,0,256,8,6.7,200,Redmi Note 13 Pro Plus,166
Samsung Galaxy S20 Plus (S20+) 8/128gb For Sale,30000,Kathmandu,11,1,128,8,6.7,4,Galaxy S20 PLUS,37
Samsung S25 ultra,145000,Kathmandu,11,1,512,12,6.9,200,Galaxy S25 ULTRA,52
Iphone 11 Pro Max,55000,Kathmandu,11,0,256,12,6.7,104,iPhone 11 PRO MAX,190
iphone 7 128,12500,Kathmandu,11,1,128,2,5.3,16,iPhone 7,223
Redmi Note 7 pro 4k video (6/128),8450,Lalitpur,12,0,128,6,6.3,48,Redmi Note 7 Pro,171
Redmi Note 13 Pro Plus 5G 12/256,29500,Kathmandu,11,0,256,12,6.7,100,Redmi Note 13 Pro Plus,166
Iphone 16 Pro Max,149000,Kathmandu,11,0,256,8,6.9,48,iPhone 16 PRO MAX,214
Samsung S24 ultra Brand new sealed packed>S24 S24,122999,Kathmandu,11,0,256,12,6.8,168,Galaxy S24 ULTRA,50
SAMSUNG A56 12+256GB BRAND NEW सरल किस्ताबन्दी,68000,Lalitpur,12,0,256,12,6.7,87,Galaxy A56,21
VIVO A5 2020,12000,Biratnagar,2,0,64,4,6.2,12,Vivo,176
Redmi Pad Pro 5g 6/128 Brand New 1 Year Warranty,38800,Kathmandu,11,0,128,6,6.7,8,Xiaomi,187
Samsung a33 5g,16500,Kathmandu,11,0,128,8,6.5,39,Galaxy A33,15
Iphone 12 pro 256gb,54000,Kathmandu,11,1,256,8,6.5,51,iPhone 12 PRO,195
Iphone 17 Pro Max >17 Pro Max >Pro Max >17 pro Max,204999,Kathmandu,11,0,256,12,6.9,48,iPhone 17 PRO MAX,218
iPhone 13 Pro | 256gb With Box Seal Pack,80000,Lalitpur,12,0,256,8,6.2,92,iPhone 13 PRO,201
S25 Ultra>S25 Ultra>S25 Ultra>S25 Ultra>S25 Ultra,132999,Kathmandu,11,0,256,12,6.8,162,Galaxy S25 ULTRA,52
REALME GT6T 12+512GB अब सरल किस्ताबन्दीमा उपलब्ध,26400,Lalitpur,12,0,512,12,6.6,187,Realme Gt6,148
Iphone 13 Pro Max 128 Gb,67000,Kathmandu,11,1,128,8,6.2,29,iPhone 13 PRO MAX,202
Iphone11 128GB lavender,35000,Kathmandu,11,0,128,6,6.7,26,iPhone 11,188
"Pixel 7a 8,128 GB sealpack (Google)",64500,Kathmandu,11,0,128,8,6.7,68,Pixel 7A,126
I Phone 17 | I Phone 17 | I Phone 17 | I Phone 17,138999,Kathmandu,11,0,256,8,6.3,48,iPhone 17,216
Iphone 16 Pro Max 256Gb>>Iphone 16 Pro Max 256Gb>>,224999,Kathmandu,11,0,256,8,6.9,48,iPhone 16 PRO MAX,214
OnePlus Nord CE4 Lite 8/128,21000,Lalitpur,12,0,128,8,6.8,55,OnePlus NORD C,105
Infinix Hot 50i,14499,Kathmandu,11,1,128,8,6.5,75,Infinix Hot 50I,66
Iphone 11(eleven) (Apple iPhone),46000,Kathmandu,11,1,128,8,6.3,51,iPhone 11,188
iPhone 17,139000,Kathmandu,11,0,128,8,6.3,48,iPhone 17,216
Oppo Reno 12 8/256 Box Pack Non Used Non Activated,38500,Kathmandu,11,0,256,8,6.7,39,Oppo RENO 12,119
Google Pixel 7 Pro 5G 256GB 12GB RAM(Limitedoffer),72000,Kathmandu,11,0,256,12,6.7,50,Pixel 7 PRO,125
iPhone 5 Silver (Model A1429),1000,Lalitpur,12,1,64,1,4,33,iPhone 5,221
Infinix Hot 40i (8/256) 90hz dsply 50mp cam 5000bt,13000,Kathmandu,11,1,256,16,6.6,50,Infinix Hot 40I,65
Oppo A15,5500,Kathmandu,11,1,32,3,6.4,41,Oppo A15,107
I Phone 17 | I Phone 17 | I Phone 17 256gb | 17 17,139999,Kathmandu,11,0,256,8,6.3,78,iPhone 17,216
Iphone 13 128GB Sealpack (Apple iPhone),88000,Kathmandu,11,0,128,6,6.2,29,iPhone 13,199
"Mobile Sale!Sale 11,500",11500,Kathmandu,11,0,64,6,6.5,24,Other,122
iPhone 15 512 Gb (99% battery health),99000,Lalitpur,12,0,512,8,6.4,111,iPhone 15,207
Xiaomi 14 civi 12/512gb brand new seal packed set!,50500,Kathmandu,11,1,512,12,6.8,184,Mi 14,76
iPhone 17 Pro Max 257gb New Seal pack | 17 Pro max,206999,Kathmandu,11,0,256,12,6.9,48,iPhone 17 PRO MAX,218
Itel S23 8+8gb Ram 128gb Memory Brand New Cheapest (Other Brands),14999,Lalitpur,12,0,128,8,6.6,50,Galaxy S23,44
IPHONE 16 pro max 256 GB 92% BATTERY HEALTH,151000,Lalitpur,12,1,256,12,6.6,64,iPhone 16 PRO MAX,214
I Phone 17 Pro Max 256Gb>>I Phone 17 Pro Max 256Gb,205999,Kathmandu,11,0,256,12,6.9,48,iPhone 17 PRO MAX,218
Ipad 10 Gen 64 Gb With 6 Months Left On Warranty,45000,Kathmandu,11,1,64,8,6.2,76,Other,122
Iphone 15 pro max 256gb 82% battery 🔋,110000,Lalitpur,12,0,256,8,6.1,48,iPhone 15 PRO MAX,210
Google Pixel 8 12/256gb,49500,Kathmandu,11,0,256,12,6.7,58,Pixel 8,127
"Narzo(realme) 50i 2gb Ram 32gb Rom , (Oppo - Realme)",12790,Kathmandu,11,0,8,2,6.5,8,Realme,130
11(128gb)sealpack,37000,Kathmandu,11,0,128,8,6.7,69,Other,122
redmi note 9 pro max,6800,Kathmandu,11,1,64,6,7,21,Redmi Note 9 Pro,173
iPhone 13 128gb 100%BH Green Color (Apple iPhone),99999,Kathmandu,11,0,128,4,6.3,12,iPhone 13,199
Iphone Xs Max,30000,Kathmandu,11,1,256,8,6.4,43,iPhone XS MAX,231
Iphone 12 Pro 128gb,47500,Kathmandu,11,0,128,6,6.4,21,iPhone 12 PRO,195
iPhone 16 Pro Max (256gb),158000,Lalitpur,12,0,256,8,6.5,48,iPhone 16 PRO MAX,214
Samsung Galaxy S24 Ultra-12/256-With Bill,110000,Lalitpur,12,0,256,12,6.8,169,Galaxy S24 ULTRA,50
iPhone 13 128gb Brand New All Colors Available,75000,Kathmandu,11,1,128,8,6.1,12,iPhone 13,199
Iphone 13 pro max,80000,Kathmandu,11,1,256,8,6.5,41,iPhone 13 PRO MAX,202
I Phone 16 | I Phone 16 | I Phone 16 128gb | 16 16,103999,Kathmandu,11,0,128,8,6.1,48,iPhone 16,211
Samsung Galaxy S25 Ultra Samsung S25 Ultra 12/256,139999,Kathmandu,11,1,256,12,6.8,63,Galaxy S25 ULTRA,52
Iphone 16 128gb Seal Pack,117000,Kathmandu,11,0,128,8,6.3,48,iPhone 16,211
Xiaomi Poco F6 256GB/8GB Smartphone (Mi (Xiaomi)),55000,Lalitpur,12,0,256,12,6.67,79,Xiaomi,187
Refmi note 13 8/256,9500,Kathmandu,11,1,256,8,6.5,66,Mi Note 13,80
Iphone 7 Plus (Apple iPhone),25000,Kathmandu,11,1,128,3,5.7,21,iPhone 7 PLUS,224
HONOR X6 URGENT SALE* (Huawei - Honor),12000,Lalitpur,12,0,64,4,6.5,50,Honor X6,58
Samsung A32 8/128,19000,Bhaktapur,0,0,128,8,6.4,49,Galaxy A32,14
Samsung Galaxy S22 Bill box,42000,Kathmandu,11,0,256,8,6.6,38,Galaxy S22,41
Samsung A52,17000,Kathmandu,11,1,128,8,6.7,43,Galaxy A52,19
Poco X7 Pro 8/256 GB,44000,Kathmandu,11,1,256,8,6.6,51,Xiaomi,187
Samsung S24 128gn Brand New 1 Yr Warranty Insuranc,94999,Kathmandu,11,0,128,8,6.6,50,Galaxy S24,48
BENCO S1 6+128GB BRAND NEW SEAL PACK (Lava - Xolo),13600,Lalitpur,12,0,128,6,6.8,29,Galaxy S1,34
SAMSUNG / SAMSUNG / SAMSUNG / SAMSUNG / S25 ULTRA,142000,Kathmandu,11,0,512,12,6.8,77,Galaxy S25 ULTRA,52
Redmi Note 7 pro 4/64 fresh,8199,Kathmandu,11,0,64,4,6.6,63,Redmi Note 7 Pro,171
Samsung A06 4/128 Dashain Offer 1 Year Warranty,16899,Kathmandu,11,0,128,4,6.6,50,Galaxy A06,3
"MacBook Pro 13""(8/256gb) (2015) with box fresh con",44999,Kathmandu,11,0,256,8,6.7,39,Other,122
I Phone 15 | I Phone 15 | I Phone 15 128gb | 15,89999,Kathmandu,11,0,128,6,6.1,48,iPhone 15,207
I Phone 15 | I Phone 15 | I Phone 15 128gb | 15,89499,Kathmandu,11,0,128,8,6.1,48,iPhone 15,207
"Redmi A3 (4/128 GB) | 6.71"" Display (Mi (Xiaomi))",12999,Lalitpur,12,0,128,6,6.71,8,Xiaomi,187
I Phone 17 | I Phone 17 | I Phone 17 256gb | 17 17,139999,Kathmandu,11,0,256,8,6.3,78,iPhone 17,216
"Vivo Y29 (8/128,256Gb) Brand New Sealed Pack",26999,Kathmandu,11,0,256,8,6.68,50,Vivo Y29,184
iPhone 15 Pro -128 Gb 💯 % Battery Health Availabl,97000,Kathmandu,11,1,128,8,6.2,41,iPhone 15 PRO,209
I Phone 16 128GB>>iphone 16 256GB Seal Pack,104999,Kathmandu,11,0,128,8,6.1,48,iPhone 16,211
iPhone 15 256gb 2years Warranty Insurance Authoriz (Apple iPhone),149899,Kathmandu,11,0,256,8,6.5,72,iPhone 15,207
"POCO M6 PRO BRAND NEW PHONE , 8GB RAM , 256 GB ROM (Other Brands)",27999,Birgunj,3,0,256,8,6.6,50,Xiaomi,187
iphone 15 pro 128Gb,110000,Kathmandu,11,1,128,8,6.2,46,iPhone 15 PRO,209
Iphone 15 256 GB,70000,Kathmandu,11,0,256,8,6.4,122,iPhone 15,207
Samsung Z Fold 6 12/256gb New 1yr Warranty Insura,203000,Kathmandu,11,0,256,12,6.6,48,Samsung,174
Samsung A24 4g With Free Orginal Charger,25000,Dang,5,1,128,6,6.2,50,Galaxy A24,13
iphone 8 (Apple iPhone),17500,Kathmandu,11,1,64,4,4.7,24,iPhone 8,225
Brand New 13 128 GB Midnight Green,65000,Kathmandu,11,0,128,8,6.7,67,Other,122
Samsung Galaxy S23 Ultra (Samsung),191999,Lalitpur,12,0,512,12,6.8,77,Galaxy S23 ULTRA,46
iPhone 6s,8000,Lalitpur,12,1,32,1,4.2,12,iPhone 6,222
Samsung Z Fold 6 12/512gb Fully Fresh Like New Set,96500,Kathmandu,11,1,512,12,6.7,200,Samsung,174
IPhone 6s,7000,Kathmandu,11,1,32,3,6,16,iPhone 6,222
IPhone 4s For Sale (Apple iPhone),5500,Kathmandu,11,1,16,3,6.1,15,iPhone 4,220
Poco x6 pro 12gb/512gb (Mi (Xiaomi)),48000,Lalitpur,12,0,512,12,6.5,175,Xiaomi,187
sell or exchange ramro price ma ramro phone,14500,Kathmandu,11,1,128,8,6.3,48,Other,122
Iphone 11 128gb Full Fresh condition (Apple iPhone),45000,Lalitpur,12,0,256,8,6.5,102,iPhone 11,188
I Phone 15 I Phone 15 I Phone 15 I Phone 15 & 15 .,89999,Kathmandu,11,0,128,6,6.1,48,iPhone 15,207
poco x3,15000,Kathmandu,11,1,128,8,6.1,52,Xiaomi,187
IPHONE X 64 GB 100% BATTERY HEALTH SELL OREXCHANGE,22999,Kathmandu,11,0,64,6,6.3,18,iPhone X,228
X-AGE Leap 4GB RAM 64GB ROM BRAND NEW SEAL PACK (Other Brands),9900,Lalitpur,12,0,64,6,6.56,53,Other,122
Iphone 16 (126 GB),90000,Kailali,10,1,128,8,6.1,48,iPhone 16,211
iPhone 6s plus 64GB silver color (second - hand) (Apple iPhone),20000,Kathmandu,11,1,64,2,5.5,17,iPhone 6,222
I phone 15 plus>I phone 15 plus>I phone 15 plus>15,76999,Kathmandu,11,0,128,6,6.2,30,iPhone 15 PLUS,208
S22 Ultra 12/512gb Samsung S22ultra,66500,Kathmandu,11,0,512,12,6.8,108,Galaxy S22ULTRA,43
I Phone 17 Pro Max | I Phone 17 Pro Max 256gb,204999,Kathmandu,11,0,256,12,6.9,48,iPhone 17 PRO MAX,218
"Samsung Galaxy A07 with a 5,000 mAh battery (4/64)",15899,Lalitpur,12,0,128,6,6.7,33,Galaxy A07,4
Samsung Galaxy S22 Ultra,60000,Butwal,4,1,128,8,6.2,46,Galaxy S22 ULTRA,42
One plus 10 pro 5g(12/256),43500,Kathmandu,11,0,256,4,6.6,40,OnePlus 10 PRO,92
I Phone 17 Pro Max >17 Pro Max >17 Pro Max>Pro Max,230000,Kathmandu,11,1,256,12,6.9,48,iPhone 17 PRO MAX,218
Iphone 16 Pro Max 256Gb|| Iphone 16 Pro Max 256Gb|,176000,Kathmandu,11,0,256,8,6.9,48,iPhone 16 PRO MAX,214
i phone 16 || i phone 16 || i phone 16 || iphone16,101999,Kathmandu,11,1,128,8,6.2,43,iPhone 16,211
iPhone 13 Mini-128 GB-with bill,41000,Lalitpur,12,0,128,8,6.2,60,iPhone 13 MINI,200
Vivo V50 12/256 Free Earbud Of 4500 Brand New,65699,Kathmandu,11,0,256,12,6.7,70,Vivo V50,179
samsung f54 5g,25500,Kathmandu,11,1,256,8,6.6,42,Galaxy F54,24
"REALME P2 Pro 5G (Eagle Grey, 128 GB) (8 GB RAM).",39999,Kathmandu,11,0,128,8,6.7,50,Realme,130
I Phone 14,60000,Kathmandu,11,1,128,8,6.2,36,iPhone 14,203
iPhone 11 128gb,32000,Kathmandu,11,0,128,6,6.7,33,iPhone 11,188
Motorola Edge 60 Pro 5G12GB 256GB,58999,Lalitpur,12,0,256,12,6.7,50,Motorola,82
Galaxy A16 5 G(8/256) सरल किस्ताबन्दिमा,1750,Kathmandu,11,0,128,6,6.7,50,Galaxy A16,10
IQOO Z9S PRO 5G,26500,Kathmandu,11,1,128,8,6.3,87,Other,122
OPPO RENO 10 5G 8GB RAM 256GB ROM BRAND NEW (Oppo - Realme),54500,Lalitpur,12,0,256,12,6.7,53,Oppo RENO 10,116
Samsung Galaxy S25 Ultra Samsung S25 Ultra 12/256G,134999,Kathmandu,11,0,256,12,6.8,200,Galaxy S25 ULTRA,52
S 25 Ultra>>S 25 Ultra>>S 25 Ultra>>s 25 ultra>>,140000,Kathmandu,11,0,256,12,6.8,200,Other,122
SAMSUNG A55 8+256GB SALE / XCHANGE / EMI AVAILABLE (Samsung),62999,Lalitpur,12,1,256,8,6.6,50,Galaxy A55,20
Redmi 10 Prime 2022 4GB/64GB Smartphone (Mi (Xiaomi)),20499,Lalitpur,12,0,64,6,6.5,50,Redmi 10,150
Redmi Note 12 Smart Mobile Phone,26999,Lalitpur,12,0,128,8,6.6,50,Redmi Note 12,162
"Iphone 17 pro, 256GB, New sealed pack.",215000,Kathmandu,11,0,256,12,6.9,48,iPhone 17 PRO,217
iphone 12 ( with box),36500,Kathmandu,11,0,64,6,6.5,25,iPhone 12,193
"vivo S20 pro 6.67"" 50MP 256GB 512GB Dimensity 9300",70000,Hetauda,7,1,256,12,6.7,50,Galaxy S20,36
iPhone 16 Pro Brand New Sealed Pack Non Active,206000,Kathmandu,11,0,256,12,6.9,48,iPhone 16 PRO,213
S23 ULTRA 12/512,85000,Kathmandu,11,1,512,12,6.8,200,Galaxy S23 ULTRA,46
iPhone 13 128GB (Apple iPhone),89000,Lalitpur,12,0,128,6,6.3,34,iPhone 13,199
Samsung A12 4gb Ram 128gb Rom Brand New (Samsung),19499,Kathmandu,11,0,8,4,6.5,10,Galaxy A12,6
Samsung S25 Ultra -Samsung S25 Samsung -S25 Ultra,138999,Kathmandu,11,0,256,12,6.8,200,Galaxy S25 ULTRA,52
iphone 14 pro 256gb 84% BH like new condition,85000,Lalitpur,12,0,256,8,6.2,65,iPhone 14 PRO,205
I phone 17 256GB|| I phone 17 256Gb|| I phone 17 |,139999,Kathmandu,11,0,256,8,6.3,48,iPhone 17,216
Iphone 11 256GB 76BH with 20w dock and cable urgen,33999,Kathmandu,11,1,256,8,6.6,50,iPhone 11,188
Samsung Galaxy M14 5G 6/128GB Smart phone (Samsung),22999,Kathmandu,11,0,128,6,6.6,14,Galaxy M14,27
Xiaomi MI 8(6/128) with Box And Accessories,19999,Kathmandu,11,0,128,6,6.2,30,Mi 8,79
google pixel 6a 128gb>pixel 6a>pixel 6a>pixel 6a >,22000,Lalitpur,12,0,128,6,6.6,48,Pixel 6A,124
Redmi Note 9,13000,Kathmandu,11,1,128,6,7,34,Redmi Note 9,172
Iphone 13,57000,Kathmandu,11,0,128,6,6.3,23,iPhone 13,199
Samsung A12 4gb Ram 64gb Rom With 1year Warranty (Samsung),18599,Kathmandu,11,0,8,4,6.5,48,Galaxy A12,6
I Phone 16 Pro 128gb Dual E Sim 128gb 98%,118000,Lalitpur,12,1,128,8,6.3,49,iPhone 16 PRO,213
Samsung Galaxy S24 Plus 12/256,68500,Kathmandu,11,1,256,12,6.7,83,Galaxy S24 PLUS,49
Oneplus 12 16/512gb Brand New Warranty &Insurance (OnePlus),132999,Kathmandu,11,0,512,16,6.82,64,OnePlus 12,95
iPhone 13,45000,Kathmandu,11,0,128,6,6.5,22,iPhone 13,199
Redmi Note 7 Pro 4/64,6000,Lalitpur,12,0,128,4,6.6,65,Redmi Note 7 Pro,171
Iphone X White Colour Size Mini,25000,Bhaktapur,0,1,64,6,6.2,29,iPhone X,228
Vivo T3 (8/128),17000,Kathmandu,11,0,128,8,6.7,50,Vivo,176
OnePlus Nord ce2 8/128,18000,Lalitpur,12,1,256,8,6.5,82,OnePlus NORD C,105
iphone 13,53999,Kathmandu,11,1,128,8,6.3,40,iPhone 13,199
iPhone 12 128GB,40000,Lalitpur,12,1,128,6,6.3,30,iPhone 12,193
realme 10 pro plus sale 128gb,19500,Bhaktapur,0,1,128,6,6.2,30,Realme 10 Pro Plus,131
iphone 15 plus 256gb 88% battry Sim not working,47000,Kathmandu,11,0,256,8,6.4,108,iPhone 15 PLUS,208
Redmi note 7 pro 4+2/128,8500,Kathmandu,11,0,128,6,6.6,50,Redmi Note 7 Pro,171
Hotwav Note 15 (4/64gb) sealed pack,11499,Kathmandu,11,0,64,4,6.6,13,Other,122
iPhone 13 Pro and iphone 12 genuine non repair,50000,Kathmandu,11,0,128,6,6.9,17,iPhone 13 PRO,201
HONOR X6b | 12/128 GB |Starry Purple,16999,Lalitpur,12,0,128,12,6.56,50,Honor X6B,59
Used iPhone 13 Pro (256) Fully Fresh Non-open,74000,Kathmandu,11,0,256,8,6.4,123,iPhone 13 PRO,201
Realme 12 Pro+ 12/256 New Arrival 1 Year Warranty (Oppo - Realme),49399,Kathmandu,11,0,256,12,6.7,64,Realme 12 Pro+,134
Samsung S25 Ultra,119000,Kathmandu,11,1,256,12,6.8,81,Galaxy S25 ULTRA,52
HONOR 90 5G | 12 / 512 GB | Emerald Green,63990,Lalitpur,12,0,512,12,6.7,200,Honor 90,57
S24 fe brand new ho hai 😊,64000,Kathmandu,11,0,128,8,6.6,51,Galaxy S24,48
oneplus 12r sale 16/256gb new condition,48000,Bhaktapur,0,0,256,16,6.7,50,OnePlus 12R,96
Realme 10 Pro Plus Curved Display 1 Year Warranty (Oppo - Realme),40999,Kathmandu,11,0,128,8,6.7,108,Realme 10 Pro Plus,131
Iphone 15 Pro Max 256 GB,150000,Kathmandu,11,1,256,12,6.6,65,iPhone 15 PRO MAX,210
Poco M2 (6/64),6499,Kathmandu,11,0,64,6,6.7,52,Xiaomi,187
iPhone 15 Pro Max-256 GB-88% Battery Health,135000,Lalitpur,12,0,256,8,6.2,48,iPhone 15 PRO MAX,210
Samsung S25 'Samsung S25 'Samsung S25,85000,Lalitpur,12,0,128,12,6.6,50,Galaxy S25,51
Apple 7 Plus,21000,Kathmandu,11,1,128,4,6.4,52,Apple,0
Samsung S21 fe 5g (8/256),26500,Kathmandu,11,0,256,8,6.5,12,Galaxy S21,39
Samsung Galaxy M14 5G,15000,Kathmandu,11,1,128,6,6.4,50,Galaxy M14,27
"OnePlus 12R 128GB 8GB RAM,",48000,Lalitpur,12,0,128,8,6.78,65,OnePlus 12R,96
16 Pro Max 256Gb~ 16 Pro Max 256Gb~ 16 Pro Max 256,176000,Kathmandu,11,0,256,8,6.7,48,Other,122
iPhone 12 Pro Max 256 GB,75000,Kathmandu,11,0,256,8,6.5,124,iPhone 12 PRO MAX,196
Redmi Note 12 6gb Ram 128 Rom New Offer Price (Mi (Xiaomi)),22899,Kathmandu,11,0,128,6,6.67,50,Redmi Note 12,162
Samsung M02 2gb Ram 32gb Rom 1year Warranty (Samsung),11899,Kathmandu,11,0,8,2,6.5,40,Galaxy M02,25
iPhone 15,87000,Kathmandu,11,1,128,8,6.2,35,iPhone 15,207
Redmi 9C,7999,Kathmandu,11,1,128,4,6.53,13,Redmi 9C,159
Samsung A14 (4/64),9999,Kathmandu,11,1,64,4,6.6,50,Galaxy A14,8
Samsung Galaxy Z Fold 4 5G (Samsung),199999,Lalitpur,12,0,256,12,7.6,78,Samsung,174
I Phone 17 Pro Max | I Phone 17 Pro Max 256gb,204999,Kathmandu,11,0,256,12,6.9,48,iPhone 17 PRO MAX,218
Realme C21 4gb Ram 64gb Rom Unbelievable Rate (Oppo - Realme),16590,Kathmandu,11,0,8,4,6.5,13,Realme C21,140
nokia 3310 mobile,7000,Kathmandu,11,1,8,1,6.4,49,Nokia 3310,86
16 pro max 256 Gb,153000,Kathmandu,11,1,256,12,6.7,86,Other,122
galaxy A51,17000,Kathmandu,11,0,128,6,6.6,25,Galaxy A51,18
IPHONE 14 128GB 1YR WARRANTY + INSURANCE BRAND NEW (Apple iPhone),114000,Lalitpur,12,0,256,8,6.1,48,iPhone 14,203
Xiaomi 11 T pro best condition gaming phone,22000,Kathmandu,11,1,128,8,6.67,108,Mi 11,72
Iphone 16 Pro Max 256gb - GAG NEPAL,208999,Kathmandu,11,0,256,8,6.9,48,iPhone 16 PRO MAX,214
iPhone 16e (256GB),132499,Kathmandu,11,0,256,8,6.1,48,iPhone 16,211
S25 Ultra>>S25 ultra 256Gb>>S25 ultra>>S25 ultra>>,137999,Kathmandu,11,0,256,12,6.8,200,Galaxy S25 ULTRA,52
iPhone XR on Sell.,25000,Kathmandu,11,0,128,4,7,37,iPhone XR,229
I Phone 17 Pro Max >17 Pro Max >17 Pro Max>Pro Max,202000,Kathmandu,11,0,256,12,6.9,48,iPhone 17 PRO MAX,218
ALL PHONE,15000,Kathmandu,11,1,256,8,6.1,61,Other,122
Oneplus 12 16gb/512gb Free Buds3 Warranty Insuranc (OnePlus),133999,Kathmandu,11,0,512,16,6.82,64,OnePlus 12,95
IPhone 11 Pro (Apple iPhone),60000,Kathmandu,11,1,256,8,6.5,52,iPhone 11 PRO,189
Samsung galaxy S25 ultra,138000,Kathmandu,11,1,512,12,6.9,200,Galaxy S25 ULTRA,52
Samsung Galaxy M33 5G (M336BU 6+128GB) Smart Phone (Samsung),33999,Kathmandu,11,0,128,6,6.6,33,Galaxy M33,30
Urgent Sell Samsung Galaxy A07,11000,Kathmandu,11,0,128,6,6.67,30,Galaxy A07,4
Honor Magic 6 Pro(12/512GB),154999,Kathmandu,11,0,512,12,6.8,50,Huawei,61
Iphone 15 128gb,82000,Kathmandu,11,0,128,6,6.2,28,iPhone 15,207
Samsung Galaxy A36(12/256) New Emi 3000 Per Month,57800,Kathmandu,11,0,256,12,6.7,68,Galaxy A36,17
Vivo y300 5g,20999,Lalitpur,12,0,128,8,6.4,65,Vivo Y300,185
second hand phone -/redmi 13 5g RAMROOM-6/128,15500,Kathmandu,11,0,128,6,6.97,2,Redmi 13,152
Samsung A55 12gb Ram 256gb ROM Easy Emi & On Cash (Samsung),3400,Kathmandu,11,0,256,12,6,59,Galaxy A55,20
REDMI Note 13 Pro 8GB/128GB Smartphone (Mi (Xiaomi)),40000,Lalitpur,12,0,128,8,6.6,89,Redmi Note 13 Pro,165
"Poco X3 Pro (8GB RAM, 256GB Storage)",20000,Lalitpur,12,1,256,8,6.67,48,Xiaomi,187
oneplus nord ce 3 5g 12gb 256gb (OnePlus),36000,Lalitpur,12,0,256,12,6.7,52,OnePlus NORD C,105
Samsung Galaxy A16 5G (8/256GB),34999,Kathmandu,11,0,256,8,6.7,50,Galaxy A16,10
Iphone 15 Pro (128GB),92000,Pokhara,14,0,128,8,6.1,81,iPhone 15 PRO,209
I Phone 17 Pro Max 256gb,199999,Kathmandu,11,0,256,12,6.9,48,iPhone 17 PRO MAX,218
I Phone 17 Pro Max>>I Phone 17 Pro Max>>17 Pro Max,218000,Kathmandu,11,0,256,8,6.9,48,iPhone 17 PRO MAX,218
Samsung S22 Ultra Brand New With Warranty Insuranc (Samsung),165999,Kathmandu,11,0,256,12,6.8,108,Galaxy S22 ULTRA,42
Nothing Phone (3a)-12/256 GB-With Box And Bill,47000,Lalitpur,12,0,256,12,6.7,56,Nothing,88
Realme C20 On Sale ✅,3500,Kathmandu,11,1,32,2,7.2,29,Realme C20,139
IPhone 13 ICloud Lock set (Apple iPhone),35000,Bhaktapur,0,1,256,8,6.6,42,iPhone 13,199
Samsung S23 Ultra 1 Year Warranty EMI Also Availab,183999,Kathmandu,11,0,256,12,6.8,141,Galaxy S23 ULTRA,46
Iphone 16 Pro Max 256GB with box original cable,154500,Bhaktapur,0,0,256,12,6.7,48,iPhone 16 PRO MAX,214
I Phone 17 256Gb>>I Phone 17 256Gb>>I Phone 17 256,139999,Kathmandu,11,0,256,8,6.3,200,iPhone 17,216
I Phone 17 256gb | I Phone 17 | I Phone 17 | 17 17,138999,Kathmandu,11,0,256,8,6.3,48,iPhone 17,216
SAMSUNG A15 5G 6+128GB EXCHANGE / सरल किस्ताबन्दी (Samsung),27000,Lalitpur,12,0,128,6,6.5,30,Galaxy A15,9
iPhone 14 (256gb),63000,Kathmandu,11,0,256,8,6.4,122,iPhone 14,203
Samsung Galaxy S21 5G (8/128),37000,Kathmandu,11,0,128,8,6.2,64,Galaxy S21,39
Iphone 13 Pro Max,80000,Kathmandu,11,1,128,8,6.2,26,iPhone 13 PRO MAX,202
realme C55 6GB RAM 64GB ROM HELIO G88 BRAND NEW (Oppo - Realme),15500,Lalitpur,12,0,128,6,6.7,64,Realme C55,144
"Apple Iphone 14 Plus ,128 GB, Midnight Black",59999,Kathmandu,11,0,128,6,6.3,24,iPhone 14 PLUS,204
I Phone 16 Plus -16 Plus I Phone 16 Plus -16 Plus,119999,Kathmandu,11,0,128,8,6.7,48,iPhone 16 PLUS,212
Huawei Pura 80 Ultra(16/512) Global,169999,Kathmandu,11,1,512,16,6.9,161,Huawei,61
I Phone 17 Pro >17 Pro >17 Pro >17 Pro,189999,Kathmandu,11,0,256,12,6.4,58,iPhone 17 PRO,217
IPHONE / IPHONE / IPHONE / IPHONE / 17 PROMAX NE,218000,Kathmandu,11,0,256,12,6.7,111,Apple,0
Poco F7 12/512gb Brand New,60999,Lalitpur,12,0,512,12,6.5,170,Xiaomi,187
Iphone 12 128gb,32000,Kathmandu,11,1,128,8,6.3,45,iPhone 12,193
Iphone 11,33000,Kathmandu,11,1,256,8,6.7,50,iPhone 11,188
APPLE IPHONE 12 128GB,85100,Kathmandu,11,0,128,6,6.1,12,iPhone 12,193
vivo,4000,Kathmandu,11,0,64,4,6.6,64,Vivo,176
I Phone 17 Pro >17 Pro >17 Pro >17 Pro,189999,Kathmandu,11,0,256,12,6.4,58,iPhone 17 PRO,217
Iphone 16 pro,119500,Lalitpur,12,0,128,8,6.3,48,iPhone 16 PRO,213
s24 ultra,90000,Kathmandu,11,1,256,12,6.8,82,Galaxy S24 ULTRA,50
iPhone 16 Pro Max,151000,Kathmandu,11,0,256,8,6.7,48,iPhone 16 PRO MAX,214
iPhone 16 Pro Max 256 GB,158000,Bhaktapur,0,1,256,8,6.6,43,iPhone 16 PRO MAX,214
Samsung Galaxy S25 Ultra Samsung S25 Ultra 12/256G,138999,Kathmandu,11,0,256,12,6.8,200,Galaxy S25 ULTRA,52
Honor X9c 12/256 Unbreakable Brand New 1yr Warrant,46999,Kathmandu,11,0,256,12,6.7,108,Honor X9C,60
Samsung S25 Ultra 'Samsung S25 'Samsung S25 Ultra,134999,Kathmandu,11,0,256,12,6.8,149,Galaxy S25 ULTRA,52
Oppo A16k 3gb Ram 32gb Rom Brand New (Oppo - Realme),15500,Kathmandu,11,0,32,3,6.52,13,Oppo A16,108
Vivo Y27 6gb Ram 128gb Rom 44w Charger Brand New (Vivo),22799,Kathmandu,11,0,128,6,6.64,42,Vivo Y27,183
I Phone 16 | I Phone 16 | I Phone 16 | I Phone 16,103999,Kathmandu,11,0,128,8,6.1,48,iPhone 16,211
samsung s20 ultra sale (Samsung),42000,Kathmandu,11,1,128,12,6.9,54,Galaxy S20 ULTRA,38
Motorola edge 40 8/256 GB,19000,Kathmandu,11,0,256,8,6.78,50,Motorola,82
sell or exchange,19500,Kathmandu,11,1,128,8,6.3,108,Other,122
Samsung A16 5g,16001,Kathmandu,11,1,128,4,6.5,51,Galaxy A16,10
SAMSUNG M12 MOBILE FOR SALE! (Samsung),12500,Kathmandu,11,0,64,4,6.5,48,Galaxy M12,26
Micromax Model-Q5 Qwerty keypad mobile,2000,Kathmandu,11,0,32,1,5,2,Other,122
Redmi 13 Sealpack 1 year warranty (Mi (Xiaomi)),21000,Lalitpur,12,0,256,8,6.7,105,Redmi 13,152
Samsung galaxy Z Flip 6 12/256Brand New Authorized,125000,Kathmandu,11,0,256,12,7.1,73,Samsung,174
realme 2 pro 4/64gb,6500,Kathmandu,11,1,64,4,6.8,40,Realme 2 Pro,136
iphone 14 Plus 256gb On Sale/exchange,75000,Kathmandu,11,1,256,8,6.5,42,iPhone 14 PLUS,204
Vivo Y56 5G (4/128),10999,Kathmandu,11,1,128,4,6.58,50,Vivo Y56,186
Iphone x 64GB 100 Bh only face id issue,18200,Kathmandu,11,1,64,3,5.8,17,iPhone X,228
Mac book Air M4 (16/256),136500,Kathmandu,11,1,256,16,6.9,82,Other,122
I Phone 17 Pro Max >17 Pro Max >17 Pro Max>Pro Max,204999,Kathmandu,11,0,256,12,6.9,48,iPhone 17 PRO MAX,218
SALE!! Urgent Sell- Huawei G Play Mini,3900,Lalitpur,12,0,64,8,6.7,33,Huawei,61
Redmi Note 4 (Mi (Xiaomi)),5000,Kathmandu,11,1,64,4,7.9,18,Redmi Note 4,170
Narzo(realme) 50i (4gb Ram /64gb Rom) Brand New (Oppo - Realme),15299,Kathmandu,11,0,8,4,6.5,8,Realme,130
Realme C61,17499,Kathmandu,11,1,128,6,6.1,34,Realme C61,145
Poco X6 pro 5g gaming phone 8/256,32000,Kathmandu,11,1,256,8,6.67,50,Xiaomi,187
Iphone 14 Pro Max 256 Gb White Colour,99999,Surkhet,16,0,256,6,6.7,48,iPhone 14 PRO MAX,206
Oppo Reno 10 pro plus,55000,Bhaktapur,0,0,256,12,6.74,64,Oppo RENO 10 PRO PLUS,118
second hand phone-/ Vivo v23E-/Ramroom-8/128,21500,Kathmandu,11,0,128,8,6.44,3,Vivo V23,178
I phone 13>I phone 13>I phone 13>I phone 13>13 13,48999,Kathmandu,11,0,128,6,6.3,23,iPhone 13,199
iPhone 15 Pro Max 256 Gb/ Dual E-sim US Variant,125000,Pokhara,14,0,256,8,6.3,80,iPhone 15 PRO MAX,210
samsung s22 5G naya ho with box,32000,Butwal,4,1,128,8,6.2,47,Galaxy S22,41
samsung f22 6/128 on sale used for only 1.5 years.,11499,Kathmandu,11,1,128,6,6.4,47,Galaxy F22,23
IPHONE 13 PRO MAX 256 GB GOLD COLOR FOR SALE !!! (Apple iPhone),160000,Kathmandu,11,1,256,12,6.6,64,iPhone 13 PRO MAX,202
Samsung S23 Ultra (lavender),60000,Kathmandu,11,1,256,8,6.8,52,Galaxy S23 ULTRA,46
Realme C20 Brand New With G35 Processor (Oppo - Realme),12490,Kathmandu,11,0,8,2,6.5,8,Realme C20,139
realmi 7i,6500,Kathmandu,11,0,128,8,6.5,45,Mi 7I,78
SAMSUNG GALAXY F15 5G SMARTPHONE 8GB RAM 6000 MAH (Samsung),29999,Birgunj,3,0,128,8,6.5,50,Galaxy F15,22
I Phone 15 | I Phone 15 | I Phone 15 128gb | 15,88999,Kathmandu,11,0,128,8,6.1,48,iPhone 15,207
Redmi note 14 pro plus brand new non used set!!!,41500,Kathmandu,11,1,256,8,6.5,57,Redmi Note 14 Pro Plus,168
Motorola edge 40 8/256gb,27000,Kathmandu,11,1,256,8,6.5,50,Motorola,82
I Phone 15 128gb>>I Phone 15 128gb>>I Phone 15 128,89999,Kathmandu,11,0,128,6,6.1,48,iPhone 15,207
Oneplus Nord Ce 2(8/128) Brand New With Authorized (OnePlus),46990,Kathmandu,11,0,64,8,6.4,64,OnePlus NORD C,105
Samsung Galaxy note 20 ultra 12/256>Note 20 ultra,34999,Lalitpur,12,0,256,12,6.6,65,Galaxy NOTE 20 ULTRA,33
Samsung Galaxy S25 Ultra 12/512 GB Brand New,159999,Kathmandu,11,0,512,12,6.8,65,Galaxy S25 ULTRA,52
Samsung A56 5G 12+256GB Available In EMI / Cash,71000,Lalitpur,12,1,256,8,6.6,50,Galaxy A56,21
Redmi 13 pro plus (12/512),43500,Kathmandu,11,0,512,12,6.6,200,Redmi 13 Pro Plus,153
Samsung Galaxy M21 (Samsung),12000,Kathmandu,11,0,64,4,6.5,48,Galaxy M21,28
Google Pixel 8 Pro 256 GB Blue,105000,Kathmandu,11,0,256,12,6.7,74,Pixel 8 PRO,128
Redmi 14c,18499,Kathmandu,11,1,256,8,6.5,67,Redmi 14C,155
Redmi Note 13 Pro+ 5G (8+256),47999,Pokhara,14,0,256,8,6.67,200,Redmi Note 13 Pro+,167
Samsung S23 8-128GB Fresh With Charger No Box,43000,Lalitpur,12,0,128,8,6.6,46,Galaxy S23,44
Oppo A60 8+8/256 Unbreakable Screen Brand New (Oppo - Realme),28899,Kathmandu,11,0,256,8,6.7,50,Oppo A60,112
redmi 14c android phone,14000,Lalitpur,12,1,128,8,6.2,74,Redmi 14C,155
I Phone 17 256Gb || 17 256Gb || 17 256Gb || Iphone,139999,Kathmandu,11,0,256,8,6.3,48,iPhone 17,216
sell or exchange,11999,Kathmandu,11,1,128,6,6.1,24,Other,122
Iphone 17 Pro Max 256GB>>iphone 17 Pro Max 256GB>>,225000,Kathmandu,11,0,256,12,6.9,48,iPhone 17 PRO MAX,218
iPhone 15 Pro (256Gb).with Box/vat /for Sale,111999,Kathmandu,11,1,256,8,6.4,51,iPhone 15 PRO,209
Oppo A9 -series 2020,8500,Kathmandu,11,0,128,4,6.6,28,Oppo A9,114
I Phone 16 I Phone 16 I Phone 16 128Gb & I 16 I 16,103499,Kathmandu,11,0,128,8,6.1,48,iPhone 16,211
I Phone 17 256Gb|| I Phone 17 256Gb|| Iphone 17 ||,139999,Kathmandu,11,0,256,8,6.3,48,iPhone 17,216
Huawei Y9s (Huawei - Honor),130006,Kathmandu,11,1,128,6,6.59,48,Huawei Y9S,62
Samsung S23 Fe 8/256,48000,Lalitpur,12,0,256,8,6.6,42,Galaxy S23,44
Samsung Galaxy M21,8999,Bhaktapur,0,1,64,4,5.8,64,Galaxy M21,28
I Phone 16 Plus 128Gb>>I Phone 16 Plus 128Gb>> 16,119999,Kathmandu,11,0,128,8,6.7,48,iPhone 16 PLUS,212
Realme 11 Pro +,30000,Kathmandu,11,1,256,12,6.6,200,Realme 11 Pro +,132
iPhone 12 Mini,45000,Kathmandu,11,0,64,8,6.1,12,iPhone 12 MINI,194
"Samsung Galaxy A07 5,000 mAh battery(6/128)",19899,Lalitpur,12,0,128,6,6.7,33,Galaxy A07,4
Samsung S25 Ultra 'Samsung S25 'Samsung S25 Ultra,134999,Kathmandu,11,0,256,12,6.8,149,Galaxy S25 ULTRA,52
OnePlus 12R 16/256GB Smartphone (OnePlus),77000,Lalitpur,12,0,256,12,6.7,51,OnePlus 12R,96
iPhone 17 Pro 256GB (seal pack genuine brand new),190999,Kathmandu,11,0,256,12,6.3,48,iPhone 17 PRO,217
I Phone 17 Pro Max 256Gb|| I Phone 17 Pro Max 256G,199999,Kathmandu,11,0,256,12,6.9,200,iPhone 17 PRO MAX,218
Samsung s23 ultra 12/256gb,72000,Kathmandu,11,1,256,12,6.7,83,Galaxy S23 ULTRA,46
iphone 16 128gb,98999,Kathmandu,11,1,128,8,6.2,42,iPhone 16,211
Google Pixel 6a on Sell 100% Non-opened set,25000,Lalitpur,12,1,128,6,6.1,24,Pixel 6A,124
i phone 15>i phone 15>i phone 15>i phone 15>15 15,90999,Kathmandu,11,1,128,8,6.2,38,iPhone 15,207
Iphone 13 With Box (128gb),55000,Lalitpur,12,1,128,8,6.3,37,iPhone 13,199
HONOR X Series - X5 Plus,13709,Kathmandu,11,0,64,4,6.56,50,Huawei,61
Redmi Note 12 Pro 5G Smart Mobile Phone,41999,Lalitpur,12,0,256,8,6.67,50,Redmi Note 12 Pro,163
SAMSUNG M14 4+64GB snapdragon 680 brand new,15500,Lalitpur,12,0,64,4,6.7,50,Galaxy M14,27
iPhone 17 pro (SILVER) - Sealed Pack,210000,Kathmandu,11,0,256,12,6.3,48,iPhone 17 PRO,217
Redmi Note 12 8gb Ram 128gb Rom Offer Price (Mi (Xiaomi)),24899,Kathmandu,11,0,128,8,6.67,50,Redmi Note 12,162
IPhone SE 2020 3/128,17000,Lalitpur,12,1,128,3,5.3,12,iPhone SE 2020,226
iPhone 17 Pro Max 256GB (seal pack genuine),212999,Kathmandu,11,0,256,12,6.9,48,iPhone 17 PRO MAX,218
Infinix Note 50s 5G+ 8/128GB,26999,Nepalgunj,13,0,128,6,6.7,64,Infinix Note 50S,67
I Phone 17>> I Phone 17>> I Phone 17>>I Phone 17||,139999,Kathmandu,11,0,256,8,6.3,48,iPhone 17,216
Samsung Galaxy S6 in very good condition. (Samsung),7999,Kathmandu,11,1,32,3,5.1,64,Galaxy S6,53
iPhone 13 pro max,67500,Kathmandu,11,1,128,8,6.2,29,iPhone 13 PRO MAX,202
LG Q61,8000,Kathmandu,11,1,128,8,6.4,70,LG,71
Fresh Honor magic 6 pro on sale,105000,Kathmandu,11,0,512,12,6.8,56,Huawei,61
ONE PLUSE 3T ON SELL!!,9999,Kathmandu,11,1,64,6,5.5,16,Other,122
iPhone Xs,20000,Bhaktapur,0,0,256,12,6.7,48,iPhone XS,230
iPhone 13 Pro Max (256Gb) For Sale,85999,Kathmandu,11,1,256,8,6.5,51,iPhone 13 PRO MAX,202
Samsung Galaxy S23 Plus (Samsung),151999,Lalitpur,12,0,256,8,6.6,90,Galaxy S23 PLUS,45
Google Pixel 10 Pro Xl>>Google pixel 10 Pro XL 256,159999,Kathmandu,11,0,256,16,7.1,130,Pixel 10 PRO,123
Tecno Spark 30C 8/256,19500,Kathmandu,11,0,128,8,6.67,36,Tecno,175
6gb redmi 9 activ,9999,Kathmandu,11,1,128,6,6.2,28,Redmi 9,158
Iphone 16(128gb),112000,Kathmandu,11,0,128,8,6.2,48,iPhone 16,211
Iphone 13 Pro Max (512gb)90% fresh condition,89999,Kathmandu,11,0,512,6,6.5,112,iPhone 13 PRO MAX,202
MI 13 pro 12/256 GB (Micromax),130999,Kathmandu,11,0,512,16,6.7,50,Mi 13 Pro,74
I phone 17 Pro || I Phone 17 pro || I phone 17 pro,196000,Kathmandu,11,0,256,12,6.3,48,iPhone 17 PRO,217
SAMSUNG A13 4GB RAM 64GB ROM BRAND NEW SEAL PACK,16000,Lalitpur,12,0,128,6,6.6,33,Galaxy A13,7
Samsung Galaxy A04 4gb Ram 64gb Rom Authorized (Samsung),15999,Kathmandu,11,0,64,4,6.7,50,Galaxy A04,2
REALME 8 5G,11000,Kathmandu,11,0,64,4,6.5,48,Realme 8,137
Infinix Smart Hd 2gb Ram 32gb Rom 5000mah Battery (Other Brands),11499,Kathmandu,11,0,8,2,8,6,Infinix,63
oneplus 6t for sell,10500,Lalitpur,12,0,64,6,6.5,31,OnePlus 6T,98
Huawei G Play Mini Phone,1200,Lalitpur,12,0,64,8,6.7,33,Huawei,61
Redmi Note 13 6/128 Brand New Dashain Authorized,22799,Kathmandu,11,0,128,6,6.67,108,Redmi Note 13,164
iphone 16e brand new seal packed set on sell!!!,71500,Kathmandu,11,1,256,8,6.5,42,iPhone 16,211
41 MP Carl Zeiss Lens Camera Phone,11999,Lalitpur,12,1,128,6,6,41,Other,122
Samsung z flip3,10000,Bhaktapur,0,1,256,8,6.7,12,Samsung,174
Iphone 16 Pro Max 256gb Seal Pack,184999,Kathmandu,11,0,256,8,6.9,48,iPhone 16 PRO MAX,214
Nokia C20 sell or exchange,5000,Lalitpur,12,0,32,2,6.5,5,Nokia C20,87
Iphone 16 Pro 128 GB,130000,Lalitpur,12,1,128,8,6.3,51,iPhone 16 PRO,213
Redmi Note 12 5G 6/128 GB (Micromax),30999,Kathmandu,11,0,256,8,6.7,48,Redmi Note 12,162
"Huawei honor 7s offer sale, Not single scratch (Huawei - Honor)",8500,Kathmandu,11,1,64,4,5.45,57,Honor 7S,56
Diamond Mobile L200 | Big Torch | Big 1500 Mah Bat,2599,Kathmandu,11,0,32,1,5,2,Other,122
LG WING FOR SALE OR EXCHANGE (LG),45000,Kathmandu,11,0,128,8,6.8,56,LG,71
IPHONE AIR 256GB•iphone Air 256GB•iphone Air 256gb,166000,Kathmandu,11,0,256,12,6.5,48,Apple,0
Iphone 11 128,32990,Kathmandu,11,0,128,6,6.7,31,iPhone 11,188
google pixel 8,72499,Kathmandu,11,1,128,8,6.4,74,Pixel 8,127
redmi note 9 6+2/128gb fresh condition,8500,Kathmandu,11,0,128,6,6.53,48,Redmi Note 9,172
I Phone 16 I Phone 16 I Phone 16 128Gb & I 16 I 16,102999,Kathmandu,11,0,128,8,6.1,48,iPhone 16,211
Poco X3 Pro Display And Other Parts,2500,Hetauda,7,1,128,6,6.7,34,Xiaomi,187
I phone 15 pro max,125000,Kathmandu,11,1,256,12,6.6,70,iPhone 15 PRO MAX,210
Realme C63 Waterproof Brand New 1 Year Warranty (Oppo - Realme),15799,Kathmandu,11,0,128,4,6.67,50,Realme C63,146
Cmf Nothing 1,22000,Lalitpur,12,1,128,8,6.3,85,Nothing Phone 1,89
Iphone 14 pro 128gb 85% brand new condition,75000,Kathmandu,11,0,128,6,6.2,29,iPhone 14 PRO,205
IPHONE 13 128GB 1YR WARRANTY + INSURANCE BRAND NEW (Apple iPhone),95000,Lalitpur,12,0,256,8,6.1,63,iPhone 13,199
SAMSUNG A04s 4GB RAM 128GB ROM 5000 mAh BIG BATTER (Samsung),20000,Lalitpur,12,0,128,4,6.6,50,Galaxy A04,2
iPhone 6s everything is working condition nocharge,2500,Kathmandu,11,0,32,4,6.2,27,iPhone 6,222
iPhone 17 256GB (seal pack genuine brand new),142999,Kathmandu,11,0,256,8,6.3,48,iPhone 17,216
NOTHING PHONE (2) 12+256GB BRAND NEW SEAL PACK (Other Brands),75700,Lalitpur,12,0,256,12,6.7,50,Nothing,88
Iphone 6s,8000,Kathmandu,11,1,32,2,4.9,18,iPhone 6,222
Samsung A22 (Samsung),19000,Kathmandu,11,0,128,6,6.4,4,Galaxy A22,11
S25 ultra•S25 ultra•S25 ultra•S25 Ultra•s25 ultra•,143000,Kathmandu,11,0,256,12,6.8,48,Galaxy S25 ULTRA,52
INFINIX SMART 7PLUS 4GB+64GB 6000MAH BATTERY (Other Brands),12000,Lalitpur,12,0,64,3,6.6,17,Infinix Smart 7P,68
Samsung Galaxy f22 on sale (6/128),9350,Kathmandu,11,1,128,6,6.4,47,Galaxy F22,23
Bypass XR on Sale,12500,Kathmandu,11,0,128,8,6.8,55,Other,122
Iphone 16 Pro Max 256Gb|| iphone 16 Pro Max 256Gb|,176000,Kathmandu,11,0,256,8,6.9,48,iPhone 16 PRO MAX,214
Iphone 13,43500,Kathmandu,11,0,128,6,6.5,27,iPhone 13,199
Redmi Note 13 Pro 8gb/256gb New 1 Year Warranty (Mi (Xiaomi)),32499,Kathmandu,11,0,256,8,6.67,200,Redmi Note 13 Pro,165
IPHONE 📱 12 128GB Storage White Color 📱🔋🍎🍎 (Apple iPhone),60000,Kathmandu,11,1,128,8,6.7,47,Apple,0
Samsung A07 4/64 Brand New 1 Year Warranty,15599,Kathmandu,11,0,64,4,6.7,50,Galaxy A07,4
i phone 14 256 gb,60000,Butwal,4,1,256,6,6.1,35,iPhone 14,203
I phone 17 air 256Gb|| 17 Air 256Gb|| 17 air 256Gb,158999,Kathmandu,11,0,256,8,6.5,48,iPhone 17,216
I phone 17 256gb|| I phone 17 256Gb|| I phone 17||,142999,Kathmandu,11,0,256,8,6.3,48,iPhone 17,216
Xiaomi Hyperos,13000,Kathmandu,11,1,256,4,6.6,35,Xiaomi,187
Iphone 14 Plus 128Gb 89%BH,64500,Kathmandu,11,1,128,8,6.2,33,iPhone 14 PLUS,204
Iphone 14 Pro Max,75000,Kathmandu,11,1,128,8,6.2,27,iPhone 14 PRO MAX,206
Redmi Note 13 Pro 12/512gb Best Price 1Yr Warranty (Mi (Xiaomi)),34999,Kathmandu,11,0,512,12,6.67,191,Redmi Note 13 Pro,165
I Phone 16 | I Phone 16 | I Phone 16 128gb | 16 16,102999,Kathmandu,11,0,128,8,6.1,48,iPhone 16,211
Oneplus 13r 12GB 256GB,71999,Lalitpur,12,0,256,12,6.7,51,OnePlus 13R,97
I Phone 15 Pro Max 256 GB Seal Pack (Apple iPhone),183000,Kathmandu,11,0,256,8,6.9,48,iPhone 15 PRO MAX,210
Mi Redmi 9 Power (4/128gb) With Box fresh conditio,12499,Kathmandu,11,0,128,4,6.53,120,Redmi 9,158
Apple iPhone 7 Plus 128GB Black (UNLOCKED) (Apple iPhone),35800,Lalitpur,12,0,128,8,5.5,12,iPhone 7 PLUS,224
Realme 9i 4gb Ram 64gb Rom Offer Offer (Oppo - Realme),23890,Kathmandu,11,0,32,4,6.4,20,Realme 9,138
oppo reno 6 pro 5g,25000,Kathmandu,11,1,256,12,6.6,64,Oppo RENO 6 PRO,121
Nothing Phone 1 8/256,23500,Kathmandu,11,1,256,8,6.5,63,Nothing Phone 1,89
I Phone 16 | I Phone 16 | I Phone 16 | I Phone 16,104999,Kathmandu,11,0,128,8,6.1,48,iPhone 16,211
Oneplus 7,19000,Kathmandu,11,0,256,8,6.41,48,OnePlus 7,99
sell or exchange,19500,Kathmandu,11,1,128,8,6.3,108,Other,122
OPPO RENO 6 5G wi original charger,19500,Kathmandu,11,0,128,16,6,64,Oppo RENO 6,120
Redmi 13c (6/128) (Mi (Xiaomi)),14900,Kathmandu,11,1,128,4,6.8,30,Redmi 13C,154
Redmi 12 C Smart Mobile Phone,16999,Lalitpur,12,0,128,6,6.71,50,Redmi 12,151
Vivo x 80 for sale,30000,Kathmandu,11,0,256,12,6.7,104,Vivo,176
iPhone 16Pro Max 256gb,176000,Kathmandu,11,0,256,8,6.9,48,iPhone 16PRO MAX,215
I Phone 17 256gb | I Phone 17 | I Phone 17 | 17 17,140000,Kathmandu,11,0,256,12,6.9,48,iPhone 17,216
realme gt 2 pro,23000,Bhaktapur,0,0,256,8,6.7,43,Realme Gt 2,147
6gb redmi 9 activ,9999,Kathmandu,11,1,128,6,6.2,28,Redmi 9,158
Iphone 17 Pro Max 256Gb|| Iphone 17 Pro Max 512Gb|,220000,Kathmandu,11,0,256,8,6.9,48,iPhone 17 PRO MAX,218
Redmi 10 2022 4GB/64GB Smartphone (Mi (Xiaomi)),20499,Lalitpur,12,0,64,6,6.5,50,Redmi 10,150
iPhone 15 plus 128gb bahira bata aako sim chaldain,45000,Kathmandu,11,0,128,6,6.9,24,iPhone 15 PLUS,208
cmf by nothing phone 1 8GB 256GB,35799,Lalitpur,12,0,256,8,6.6,41,Nothing Phone 1,89
16 pro max 256agb||Usa|| iphone 16 pro max 256aGb|,176000,Kathmandu,11,0,256,8,6.9,48,iPhone 16 PRO MAX,214
I Phone 11 ( 256 Gb ) (Apple iPhone),35000,Kathmandu,11,0,256,8,6.6,101,iPhone 11,188
iphone 15 fully fresh,67000,Kathmandu,11,1,128,8,6.2,33,iPhone 15,207
Realme 13pro 8/128 Like New For Sale,25000,Kathmandu,11,0,128,8,6.7,55,Realme 13Pro,135
S 25 Ultra >> S25 Ultra >> S 25 Ultra >> s25 Ultra,138999,Kathmandu,11,0,256,12,6.8,200,Galaxy S25 ULTRA,52
POCO M5 6GB/128GB Smartphone (Mi (Xiaomi)),23999,Lalitpur,12,0,128,6,6.6,28,Xiaomi,187
Samsung Note 10+,31000,Pokhara,14,1,128,12,6.7,52,Galaxy NOTE 10,32
HONOR X6b | 12/128 GB |Midnight Black,16999,Lalitpur,12,0,128,12,6.56,50,Honor X6B,59
iPhone 15 128gb,74500,Kathmandu,11,0,128,6,6.2,30,iPhone 15,207
Iphone 16 Pro Max 256GB Nepal Purchase,159999,Kathmandu,11,1,256,12,6.6,64,iPhone 16 PRO MAX,214
Oneplus 12r (8/128)GB,48000,Kathmandu,11,1,128,8,6.78,50,OnePlus 12R,96
Redmi 13c 4/128 Brand New 1 Year Warranty (Mi (Xiaomi)),13799,Kathmandu,11,0,128,4,6.6,50,Redmi 13C,154
Realme 8 6gb Ram 128gb Rom 64mp Camera Perfect For Canera & Gaming (Oppo - Realme),27990,Kathmandu,11,0,8,6,6.5,64,Realme 8,137
I Phone 15 | I Phone 15 | I Phone 15 128gb | 15,61500,Kathmandu,11,1,128,8,6.2,36,iPhone 15,207
Google Pixel 9 Pro 12/256 GB Seal Pack,134000,Kathmandu,11,0,256,12,7.5,94,Pixel 9 PRO,129
OnePlus Nord 3 8GB/128GB Smartphone (OnePlus),64999,Lalitpur,12,0,256,8,6.6,41,OnePlus NORD 3,104
Realme 12x 5g 8/128 Brand New 1 Year Warranty,24299,Kathmandu,11,0,128,8,6.7,50,Realme 12,133
Realme 9i 4GB RAM 64GB ROM SNAPDRAGON 680 (Oppo - Realme),20000,Lalitpur,12,0,64,4,6.4,50,Realme 9,138
sell or exchange,13999,Kathmandu,11,1,128,8,6.3,64,Other,122
Nokia 2310 (Nokia),6250,Kathmandu,11,0,8,1,3,2,Nokia 2310,85
Moto g34 5G 128GB/8GB Smartphone (Motorola),21600,Lalitpur,12,0,128,8,6.6,47,Moto G34,81
iphone 13 Pro Max (256gb)🔋83% Fresh Condition,88999,Kathmandu,11,0,256,6,6.7,120,iPhone 13 PRO MAX,202
Itel A50 4G (4GB +64GB),10999,Lalitpur,12,0,128,2,6.6,8,Itel A50,70
I Phone 17 Air 256Gb>> I Phone 17 Air 256Gb>>17 17,159999,Kathmandu,11,0,256,8,6.5,48,iPhone 17,216
iphone 16 pro max,164000,Kathmandu,11,1,256,12,6.6,63,iPhone 16 PRO MAX,214
Sunelan S14 | 32MB ROM +32MB RAM Expandable Mobile (Other Brands),1260,Lalitpur,12,0,128,8,6.7,8,Galaxy S14,35
Nothing Smart Mobile Phone 1,61999,Lalitpur,12,0,256,12,6.7,50,Nothing,88
iPhone 11 128gb Battery Health 86%,31000,Kathmandu,11,0,128,6,6.7,34,iPhone 11,188
Samsung s22 ultra 12/256gb s22 ultra 12/256gb s22,53500,Lalitpur,12,0,256,12,6.7,64,Galaxy S22 ULTRA,42
I Phone 17 Pro Max | I Phone 17 Pro Max 256gb,207999,Kathmandu,11,0,256,12,6.9,48,iPhone 17 PRO MAX,218
iPhone 7 For Sale 128gb With Box (Apple iPhone),16000,Kathmandu,11,1,128,2,5.3,14,iPhone 7,223
iphone 12 64Gb,28500,Lalitpur,12,1,64,2,5,16,iPhone 12,193
C63 Pro Max MBO Mobile II 4G phone,10500,Kathmandu,11,0,64,8,6.82,13,Other,122
iphone 11pro Max (Sim Not Working) 256GB Rs-17999,17999,Kathmandu,11,1,256,6,6.5,44,iPhone 11PRO MAX,192
I phone 16 128gb••I phone 16 128gb••Iphone 16 128|,104999,Kathmandu,11,0,128,8,6.1,48,iPhone 16,211
OnePlus Nord N30SE (4/128GB) | Black Satin,18999,Lalitpur,12,0,128,4,6.72,50,OnePlus NORD N,106
Samsung A14 5G (4/128),12999,Kathmandu,11,1,128,4,6.6,50,Galaxy A14,8
Samsung Galaxy S25 Ultra Samsung S25 Ultra 12/256G,135999,Kathmandu,11,0,256,12,6.8,200,Galaxy S25 ULTRA,52
Nokia 105 single sim (Nokia),2200,Kathmandu,11,0,8,1,3,4,Nokia 105,83
SAMSUNG A36 5G 12GB RAM 256GB ROM BRAND NEW,57000,Lalitpur,12,0,256,12,6.7,64,Galaxy A36,17
Iphone 13 Pro Max 512gb (Apple iPhone),160000,Lalitpur,12,1,512,12,6.9,141,iPhone 13 PRO MAX,202
INIFINIX HOT 60 PRO+,25999,Kathmandu,11,0,256,8,6.78,50,Other,122
Mobile Asus 5s 12 GB 256 GB,43500,Kathmandu,11,1,256,12,6.7,42,Asus,1
I Phone 17 256gb | I Phone 17 | I Phone 17 | 17 17,139999,Kathmandu,11,0,256,8,6.3,78,iPhone 17,216
Oneplus 8T With Imei Box,31000,Kathmandu,11,1,128,8,6.4,75,OnePlus 8T,102
Apple iPhone 17 Pro Max 256GB ✅UNLOCKED✅,210000,Lalitpur,12,1,256,12,6.9,48,iPhone 17 PRO MAX,218
iPhone 13 Pro,80000,Kathmandu,11,1,128,8,6.2,25,iPhone 13 PRO,201
Iphone X 256gb Full Fresh (Apple iPhone),35000,Lalitpur,12,0,256,8,6.3,106,iPhone X,228
I Phone 16 Plus -16 Plus I Phone 16 Plus -16 Plus,119999,Kathmandu,11,0,128,8,6.7,48,iPhone 16 PLUS,212
I phone 17 pro max 256gb brand new seal pack,214999,Kathmandu,11,0,256,12,6.9,48,iPhone 17 PRO MAX,218
Iphone 15 pro 512gb,100999,Kathmandu,11,0,512,8,6.4,48,iPhone 15 PRO,209
iPhone 16e(512GB),169399,Kathmandu,11,0,512,12,6.1,48,iPhone 16,211
Iphone 15 128GB Full VAT Included - GAG NEPAL,104100,Kathmandu,11,0,128,6,6.1,48,iPhone 15,207
iPhone 12 Pro max 256Gb 92% battery health genuine,85000,Kathmandu,11,0,256,8,6.3,66,iPhone 12 PRO MAX,196
samsung z fold 4,70000,Kathmandu,11,1,128,12,6.4,73,Samsung,174
Google Pixel 7a 8/128 New Condition For Sale,27000,Kathmandu,11,0,128,8,6.7,59,Pixel 7A,126
iphone 17 256Gb | iphone 17 256gb | iphone 17 256|,139999,Kathmandu,11,0,256,12,6.9,48,iPhone 17,216
Redmi Note 12 5g 6gb Ram 128gb ROM Heavy Discount (Mi (Xiaomi)),27800,Kathmandu,11,0,128,6,6.7,48,Redmi Note 12,162
iphone11pro,21000,Kathmandu,11,1,64,4,7,21,iPhone 11PRO,191
Samsung Galaxy M36 5G (8/128GB),35999,Kathmandu,11,0,128,8,6.7,50,Galaxy M36,31
I Phone 17 Pro Max | I Phone 17 Pro Max 256gb,204999,Kathmandu,11,0,256,12,6.9,48,iPhone 17 PRO MAX,218
S25 ultra>>12/256Gb>>S25 ultra>>S25 ultra 256GB>>,142999,Kathmandu,11,0,256,12,6.8,200,Galaxy S25 ULTRA,52
Iphone Se 3 2022 (Apple iPhone),38000,Kathmandu,11,1,128,4,5.9,23,iPhone SE 3,227
Samsung A35 5g New Model Water Proof Ip67 8/128 (Samsung),45899,Kathmandu,11,0,128,8,6.6,50,Galaxy A35,16
iphone 12 (128gb)83% 🔋 With Box fresh condition,54999,Kathmandu,11,0,128,4,10,120,iPhone 12,193
Realmi nazro 30 5g set (Oppo - Realme),10000,Kathmandu,11,0,128,12,6.5,48,Realme,130
vivo v11 (Vivo),15000,Kathmandu,11,1,128,4,6.41,16,Vivo V11,177
